﻿Designator,Footprint,Quantity,Value,LCSC Part #
"C1, C2",0603,2,1uF,C15849
C3,0603,1,100nF,
J1,JST_SH_SM04B-SRSS-TB_1x04-1MP_P1.00mm_Horizontal,1,Conn_01x04_Pin,
L1,L_Sunlord_SWPA5020S,1,22uH,C96915
R1,0603,1,12,C245909
"R2, R3, R4, R5, R6",0603,5,1.5K,C22843
R7,0603,1,10K,C25804
"R8, R9",0603,2,3.3K,
"TP1, TP2, TP3",TestPoint_Pad_D1.5mm,3,TestPoint,
U1,TSOT-23-6,1,AP3019A,C44956
"U2, U3, U4, U5, U6, U7",Everlight_ITR1502SR40A,6,ITR1502SR40A,
U8,VQFN-20-1EP_3x3mm_P0.4mm_EP1.7x1.7mm,1,ATtiny1616-M,
